id,link
tdIZZ9v0IGA,https://youtube.com/watch?v=tdIZZ9v0IGA
7sgAWvbLtiM,https://youtube.com/watch?v=7sgAWvbLtiM
sC16n1k66io,https://youtube.com/watch?v=sC16n1k66io
aa0J1AXSseY,https://youtube.com/watch?v=aa0J1AXSseY
ctAZf4sMBUQ,https://youtube.com/watch?v=ctAZf4sMBUQ
lD4xtQ6NpDY,https://youtube.com/watch?v=lD4xtQ6NpDY
h7p5URoookk,https://youtube.com/watch?v=h7p5URoookk
TBCjKGYBNIo,https://youtube.com/watch?v=TBCjKGYBNIo
vM3YB7LmMq4,https://youtube.com/watch?v=vM3YB7LmMq4
0YdYFtVdlWE,https://youtube.com/watch?v=0YdYFtVdlWE
ZcFzcd4ZoMg,https://youtube.com/watch?v=ZcFzcd4ZoMg
1JQ9UCBEmCU,https://youtube.com/watch?v=1JQ9UCBEmCU
XPoY4LD-A1I,https://youtube.com/watch?v=XPoY4LD-A1I
uVM4JWjfGgQ,https://youtube.com/watch?v=uVM4JWjfGgQ
xRJXYUZVdas,https://youtube.com/watch?v=xRJXYUZVdas
vM3YB7LmMq4,https://youtube.com/watch?v=vM3YB7LmMq4
yoDMh8FlHR8,https://youtube.com/watch?v=yoDMh8FlHR8
omBcvw7izuM,https://youtube.com/watch?v=omBcvw7izuM
omBcvw7izuM,https://youtube.com/watch?v=omBcvw7izuM
TxRtSItpGMo,https://youtube.com/watch?v=TxRtSItpGMo
dbpGH5iP0GE,https://youtube.com/watch?v=dbpGH5iP0GE
KRje7su4I5U,https://youtube.com/watch?v=KRje7su4I5U
MjaaudUc5-4,https://youtube.com/watch?v=MjaaudUc5-4
I3SPlbTGuNc,https://youtube.com/watch?v=I3SPlbTGuNc
sRMdbZVjhis,https://youtube.com/watch?v=sRMdbZVjhis
cOcNe3L4VAg,https://youtube.com/watch?v=cOcNe3L4VAg
pQpy7RSfWzM,https://youtube.com/watch?v=pQpy7RSfWzM
1ZjIX9AK860,https://youtube.com/watch?v=1ZjIX9AK860
P35dyIit1yM,https://youtube.com/watch?v=P35dyIit1yM
MjaaudUc5-4,https://youtube.com/watch?v=MjaaudUc5-4
P0WaXnH37uI,https://youtube.com/watch?v=P0WaXnH37uI
dbpGH5iP0GE,https://youtube.com/watch?v=dbpGH5iP0GE
3OMgvtWNHp4,https://youtube.com/watch?v=3OMgvtWNHp4
X0jMZoxUL2A,https://youtube.com/watch?v=X0jMZoxUL2A
vM3YB7LmMq4,https://youtube.com/watch?v=vM3YB7LmMq4
kzmaKnujN64,https://youtube.com/watch?v=kzmaKnujN64
NSihgq4R8Z0,https://youtube.com/watch?v=NSihgq4R8Z0
dlE05KC95uk,https://youtube.com/watch?v=dlE05KC95uk
ZS1Nb0OWYNE,https://youtube.com/watch?v=ZS1Nb0OWYNE
TwFl4epL244,https://youtube.com/watch?v=TwFl4epL244
dEDbm2ubVRQ,https://youtube.com/watch?v=dEDbm2ubVRQ
vM3YB7LmMq4,https://youtube.com/watch?v=vM3YB7LmMq4
vM3YB7LmMq4,https://youtube.com/watch?v=vM3YB7LmMq4
UPghCarcnMc,https://youtube.com/watch?v=UPghCarcnMc
pQpy7RSfWzM,https://youtube.com/watch?v=pQpy7RSfWzM
mfpR4CN9LZo,https://youtube.com/watch?v=mfpR4CN9LZo
MjaaudUc5-4,https://youtube.com/watch?v=MjaaudUc5-4
DbAppk7xT0Y,https://youtube.com/watch?v=DbAppk7xT0Y
CO2YoTZbUr0,https://youtube.com/watch?v=CO2YoTZbUr0
foXArPhK0xY,https://youtube.com/watch?v=foXArPhK0xY
WTF9xgqLIvI,https://youtube.com/watch?v=WTF9xgqLIvI
gEgcpVY8WK4,https://youtube.com/watch?v=gEgcpVY8WK4
gC_wF3uKFW0,https://youtube.com/watch?v=gC_wF3uKFW0
CO2YoTZbUr0,https://youtube.com/watch?v=CO2YoTZbUr0
JYdfUNjyYxo,https://youtube.com/watch?v=JYdfUNjyYxo
_HabvL0VnrQ,https://youtube.com/watch?v=_HabvL0VnrQ
QoIsjc4-GIg,https://youtube.com/watch?v=QoIsjc4-GIg
hyazktfsZew,https://youtube.com/watch?v=hyazktfsZew
_aZDaIfGfPo,https://youtube.com/watch?v=_aZDaIfGfPo
0YdYFtVdlWE,https://youtube.com/watch?v=0YdYFtVdlWE
Qfa1fYbQ,https://youtube.com/watch?v=Qfa1fYbQ
vRhj2bLo1ho,https://youtube.com/watch?v=vRhj2bLo1ho
-IqSFQePnpU,https://youtube.com/watch?v=-IqSFQePnpU
fbHlBmq7Ipo,https://youtube.com/watch?v=fbHlBmq7Ipo
XnPnlRQXSkM,https://youtube.com/watch?v=XnPnlRQXSkM
d0QNH2vcDgU,https://youtube.com/watch?v=d0QNH2vcDgU
08d4NTXkSxw,https://youtube.com/watch?v=08d4NTXkSxw
qFppeQvdfxI,https://youtube.com/watch?v=qFppeQvdfxI
31tcuDMQ_H8,https://youtube.com/watch?v=31tcuDMQ_H8
hyazktfsZew,https://youtube.com/watch?v=hyazktfsZew
pbFwuNCQlH8,https://youtube.com/watch?v=pbFwuNCQlH8
h1ZZHUU4j0k,https://youtube.com/watch?v=h1ZZHUU4j0k
0YdYFtVdlWE,https://youtube.com/watch?v=0YdYFtVdlWE
BRdw-_dbJXc,https://youtube.com/watch?v=BRdw-_dbJXc
uooIiW6dEyg,https://youtube.com/watch?v=uooIiW6dEyg
6WDchK7TuL8,https://youtube.com/watch?v=6WDchK7TuL8
mHGaQ_nv9UY,https://youtube.com/watch?v=mHGaQ_nv9UY
CO2YoTZbUr0,https://youtube.com/watch?v=CO2YoTZbUr0
qBanrqkzobg,https://youtube.com/watch?v=qBanrqkzobg
_PJ26YwqRJE,https://youtube.com/watch?v=_PJ26YwqRJE
w-PFjo89Dpw,https://youtube.com/watch?v=w-PFjo89Dpw
qDIh6YNbIMU,https://youtube.com/watch?v=qDIh6YNbIMU
sPremsknoLM,https://youtube.com/watch?v=sPremsknoLM
TxRtSItpGMo,https://youtube.com/watch?v=TxRtSItpGMo
xXIq7YPkdUQ,https://youtube.com/watch?v=xXIq7YPkdUQ
IAmZ5iWHxw4,https://youtube.com/watch?v=IAmZ5iWHxw4
JNt1k3ohkbs,https://youtube.com/watch?v=JNt1k3ohkbs
S8yP6lBOdKo,https://youtube.com/watch?v=S8yP6lBOdKo
XPoY4LD-A1I,https://youtube.com/watch?v=XPoY4LD-A1I
FWBCTZiijEM,https://youtube.com/watch?v=FWBCTZiijEM
Zs8x712Y-CM,https://youtube.com/watch?v=Zs8x712Y-CM
7sgAWvbLtiM,https://youtube.com/watch?v=7sgAWvbLtiM
XPoY4LD-A1I,https://youtube.com/watch?v=XPoY4LD-A1I
hyazktfsZew,https://youtube.com/watch?v=hyazktfsZew
w-PFjo89Dpw,https://youtube.com/watch?v=w-PFjo89Dpw
3OMgvtWNHp4,https://youtube.com/watch?v=3OMgvtWNHp4
QoIsjc4-GIg,https://youtube.com/watch?v=QoIsjc4-GIg
VA6lVHlj5d0,https://youtube.com/watch?v=VA6lVHlj5d0
MNXBOeiPhec,https://youtube.com/watch?v=MNXBOeiPhec
zrFZAofNGi4,https://youtube.com/watch?v=zrFZAofNGi4
TBCjKGYBNIo,https://youtube.com/watch?v=TBCjKGYBNIo
NKindd5Xn3s,https://youtube.com/watch?v=NKindd5Xn3s
XyBU_gZtU0M,https://youtube.com/watch?v=XyBU_gZtU0M
OAV6KKf60bQ,https://youtube.com/watch?v=OAV6KKf60bQ
32j1yMF37hA,https://youtube.com/watch?v=32j1yMF37hA
h7p5URoookk,https://youtube.com/watch?v=h7p5URoookk
vM3YB7LmMq4,https://youtube.com/watch?v=vM3YB7LmMq4
qK77ZmbqmOM,https://youtube.com/watch?v=qK77ZmbqmOM
omBcvw7izuM,https://youtube.com/watch?v=omBcvw7izuM
MM2qPdnRmQ8,https://youtube.com/watch?v=MM2qPdnRmQ8
omBcvw7izuM,https://youtube.com/watch?v=omBcvw7izuM
hyazktfsZew,https://youtube.com/watch?v=hyazktfsZew
omBcvw7izuM,https://youtube.com/watch?v=omBcvw7izuM
omBcvw7izuM,https://youtube.com/watch?v=omBcvw7izuM
m7SJs73SF8w,https://youtube.com/watch?v=m7SJs73SF8w
fbHlBmq7Ipo,https://youtube.com/watch?v=fbHlBmq7Ipo
assx_NKo-L8,https://youtube.com/watch?v=assx_NKo-L8
t4-ZulW5np4,https://youtube.com/watch?v=t4-ZulW5np4
OAV6KKf60bQ,https://youtube.com/watch?v=OAV6KKf60bQ
lO87-4Kf0cQ,https://youtube.com/watch?v=lO87-4Kf0cQ
pQpy7RSfWzM,https://youtube.com/watch?v=pQpy7RSfWzM
KRje7su4I5U,https://youtube.com/watch?v=KRje7su4I5U
OxyQSJMvWBo,https://youtube.com/watch?v=OxyQSJMvWBo
gZF-YNQHqwI,https://youtube.com/watch?v=gZF-YNQHqwI
IAmZ5iWHxw4,https://youtube.com/watch?v=IAmZ5iWHxw4
sPremsknoLM,https://youtube.com/watch?v=sPremsknoLM
omBcvw7izuM,https://youtube.com/watch?v=omBcvw7izuM
hqzF4IDaIYE,https://youtube.com/watch?v=hqzF4IDaIYE
P0WaXnH37uI,https://youtube.com/watch?v=P0WaXnH37uI
OAV6KKf60bQ,https://youtube.com/watch?v=OAV6KKf60bQ
TxRtSItpGMo,https://youtube.com/watch?v=TxRtSItpGMo
cjgq9d8Zn9g,https://youtube.com/watch?v=cjgq9d8Zn9g
wnL3ld9bM2o,https://youtube.com/watch?v=wnL3ld9bM2o
Qfa1fYbQ,https://youtube.com/watch?v=Qfa1fYbQ
vM3YB7LmMq4,https://youtube.com/watch?v=vM3YB7LmMq4
XPoY4LD-A1I,https://youtube.com/watch?v=XPoY4LD-A1I
OxyQSJMvWBo,https://youtube.com/watch?v=OxyQSJMvWBo
pOrk7fl1AYo,https://youtube.com/watch?v=pOrk7fl1AYo
d0QNH2vcDgU,https://youtube.com/watch?v=d0QNH2vcDgU
aa0J1AXSseY,https://youtube.com/watch?v=aa0J1AXSseY
X0jMZoxUL2A,https://youtube.com/watch?v=X0jMZoxUL2A
dbpGH5iP0GE,https://youtube.com/watch?v=dbpGH5iP0GE
XPoY4LD-A1I,https://youtube.com/watch?v=XPoY4LD-A1I
h7p5URoookk,https://youtube.com/watch?v=h7p5URoookk
h7p5URoookk,https://youtube.com/watch?v=h7p5URoookk
kddCewAsxfA,https://youtube.com/watch?v=kddCewAsxfA
WTF9xgqLIvI,https://youtube.com/watch?v=WTF9xgqLIvI
I3SPlbTGuNc,https://youtube.com/watch?v=I3SPlbTGuNc
w-PFjo89Dpw,https://youtube.com/watch?v=w-PFjo89Dpw
TxRtSItpGMo,https://youtube.com/watch?v=TxRtSItpGMo
x92920ole0w,https://youtube.com/watch?v=x92920ole0w
h7p5URoookk,https://youtube.com/watch?v=h7p5URoookk
EiG3r8hAVeY,https://youtube.com/watch?v=EiG3r8hAVeY
hyazktfsZew,https://youtube.com/watch?v=hyazktfsZew
y1gL_MuokI8,https://youtube.com/watch?v=y1gL_MuokI8
wnL3ld9bM2o,https://youtube.com/watch?v=wnL3ld9bM2o
pQpy7RSfWzM,https://youtube.com/watch?v=pQpy7RSfWzM
U2Ydtq6qvL0,https://youtube.com/watch?v=U2Ydtq6qvL0
cOcNe3L4VAg,https://youtube.com/watch?v=cOcNe3L4VAg
4CKhrjuuofk,https://youtube.com/watch?v=4CKhrjuuofk
OXsTIPdytiw,https://youtube.com/watch?v=OXsTIPdytiw
vM3YB7LmMq4,https://youtube.com/watch?v=vM3YB7LmMq4
vRhj2bLo1ho,https://youtube.com/watch?v=vRhj2bLo1ho
OxyQSJMvWBo,https://youtube.com/watch?v=OxyQSJMvWBo
vM3YB7LmMq4,https://youtube.com/watch?v=vM3YB7LmMq4
vM3YB7LmMq4,https://youtube.com/watch?v=vM3YB7LmMq4
6YNAmRjpxlA,https://youtube.com/watch?v=6YNAmRjpxlA
oZxMx8e0x2U,https://youtube.com/watch?v=oZxMx8e0x2U
gZF-YNQHqwI,https://youtube.com/watch?v=gZF-YNQHqwI
44MVdpDEQJs,https://youtube.com/watch?v=44MVdpDEQJs
d0QNH2vcDgU,https://youtube.com/watch?v=d0QNH2vcDgU
VAFdgtqZz4g,https://youtube.com/watch?v=VAFdgtqZz4g
h1ZZHUU4j0k,https://youtube.com/watch?v=h1ZZHUU4j0k
0JuRmhhgMw8,https://youtube.com/watch?v=0JuRmhhgMw8
hyazktfsZew,https://youtube.com/watch?v=hyazktfsZew
Cb8ay6WtJuM,https://youtube.com/watch?v=Cb8ay6WtJuM
6KvG5VbLalY,https://youtube.com/watch?v=6KvG5VbLalY
OAV6KKf60bQ,https://youtube.com/watch?v=OAV6KKf60bQ
omBcvw7izuM,https://youtube.com/watch?v=omBcvw7izuM
pQpy7RSfWzM,https://youtube.com/watch?v=pQpy7RSfWzM
omBcvw7izuM,https://youtube.com/watch?v=omBcvw7izuM
pfCPogxnUfw,https://youtube.com/watch?v=pfCPogxnUfw
vM3YB7LmMq4,https://youtube.com/watch?v=vM3YB7LmMq4
gEgcpVY8WK4,https://youtube.com/watch?v=gEgcpVY8WK4
GCOFujDHDx0,https://youtube.com/watch?v=GCOFujDHDx0
omBcvw7izuM,https://youtube.com/watch?v=omBcvw7izuM
3DgOMTs3A1E,https://youtube.com/watch?v=3DgOMTs3A1E
vM3YB7LmMq4,https://youtube.com/watch?v=vM3YB7LmMq4
n4xRx0J3rYQ,https://youtube.com/watch?v=n4xRx0J3rYQ
2BuFtglEcaY,https://youtube.com/watch?v=2BuFtglEcaY
XyBU_gZtU0M,https://youtube.com/watch?v=XyBU_gZtU0M
8Cp8c-eQELQ,https://youtube.com/watch?v=8Cp8c-eQELQ
VwGPIUNayKM,https://youtube.com/watch?v=VwGPIUNayKM
aI1tdJPHz2I,https://youtube.com/watch?v=aI1tdJPHz2I
aa2MEQ6FL7k,https://youtube.com/watch?v=aa2MEQ6FL7k
h1ZZHUU4j0k,https://youtube.com/watch?v=h1ZZHUU4j0k
qDIh6YNbIMU,https://youtube.com/watch?v=qDIh6YNbIMU
Rugd2NMu4bA,https://youtube.com/watch?v=Rugd2NMu4bA
WTF9xgqLIvI,https://youtube.com/watch?v=WTF9xgqLIvI
_PJ26YwqRJE,https://youtube.com/watch?v=_PJ26YwqRJE
pQpy7RSfWzM,https://youtube.com/watch?v=pQpy7RSfWzM
vM3YB7LmMq4,https://youtube.com/watch?v=vM3YB7LmMq4
YcJ5RJYUr7Y,https://youtube.com/watch?v=YcJ5RJYUr7Y
TxRtSItpGMo,https://youtube.com/watch?v=TxRtSItpGMo
b-FX9NOVQOM,https://youtube.com/watch?v=b-FX9NOVQOM
hyazktfsZew,https://youtube.com/watch?v=hyazktfsZew
JW2HHfQiGVs,https://youtube.com/watch?v=JW2HHfQiGVs
b-FX9NOVQOM,https://youtube.com/watch?v=b-FX9NOVQOM
jPf0LjZAS14,https://youtube.com/watch?v=jPf0LjZAS14
SxbTZjZD0vU,https://youtube.com/watch?v=SxbTZjZD0vU
2BuFtglEcaY,https://youtube.com/watch?v=2BuFtglEcaY
I3SPlbTGuNc,https://youtube.com/watch?v=I3SPlbTGuNc
kzmaKnujN64,https://youtube.com/watch?v=kzmaKnujN64
DebbnL-_rnI,https://youtube.com/watch?v=DebbnL-_rnI
hyazktfsZew,https://youtube.com/watch?v=hyazktfsZew
7sgAWvbLtiM,https://youtube.com/watch?v=7sgAWvbLtiM
omBcvw7izuM,https://youtube.com/watch?v=omBcvw7izuM
UcINGGuysBE,https://youtube.com/watch?v=UcINGGuysBE
VzDXgBOe5iI,https://youtube.com/watch?v=VzDXgBOe5iI
AepwIhSbAws,https://youtube.com/watch?v=AepwIhSbAws
08d4NTXkSxw,https://youtube.com/watch?v=08d4NTXkSxw
ZcFzcd4ZoMg,https://youtube.com/watch?v=ZcFzcd4ZoMg
C3lDRFu1ZcI,https://youtube.com/watch?v=C3lDRFu1ZcI
wnL3ld9bM2o,https://youtube.com/watch?v=wnL3ld9bM2o
TwFl4epL244,https://youtube.com/watch?v=TwFl4epL244
liJO1yIFsJs,https://youtube.com/watch?v=liJO1yIFsJs
Zs8x712Y-CM,https://youtube.com/watch?v=Zs8x712Y-CM
pQpy7RSfWzM,https://youtube.com/watch?v=pQpy7RSfWzM
TLPlduck5II,https://youtube.com/watch?v=TLPlduck5II
MjaaudUc5-4,https://youtube.com/watch?v=MjaaudUc5-4
vM3YB7LmMq4,https://youtube.com/watch?v=vM3YB7LmMq4
XPoY4LD-A1I,https://youtube.com/watch?v=XPoY4LD-A1I
Rugd2NMu4bA,https://youtube.com/watch?v=Rugd2NMu4bA
omBcvw7izuM,https://youtube.com/watch?v=omBcvw7izuM
omBcvw7izuM,https://youtube.com/watch?v=omBcvw7izuM
w-PFjo89Dpw,https://youtube.com/watch?v=w-PFjo89Dpw
x92920ole0w,https://youtube.com/watch?v=x92920ole0w
27v7Blr0vjw,https://youtube.com/watch?v=27v7Blr0vjw
k5-3KuvCFms,https://youtube.com/watch?v=k5-3KuvCFms
3sUS8vXbRwg,https://youtube.com/watch?v=3sUS8vXbRwg
hyazktfsZew,https://youtube.com/watch?v=hyazktfsZew
omBcvw7izuM,https://youtube.com/watch?v=omBcvw7izuM
vM3YB7LmMq4,https://youtube.com/watch?v=vM3YB7LmMq4
cZVM4svwE90,https://youtube.com/watch?v=cZVM4svwE90
aI1tdJPHz2I,https://youtube.com/watch?v=aI1tdJPHz2I
hyazktfsZew,https://youtube.com/watch?v=hyazktfsZew
MM2qPdnRmQ8,https://youtube.com/watch?v=MM2qPdnRmQ8